{
  "Diffuse_Color": [ 1.0, 1.0, 0.1, 1.0 ],
  "Specular_Color": [ 1.0, 1.0, 0.1, 1.0 ],
  "Roughness_Value": 0.100000011920929,
  "Metallic_Value": 0.30000000298023225
}